,1,2,3,4,5,6,7,8,9,10,11,12,13,14,15,16,17,18,19,,,,,,,,1997,1998,1999,2000,2001,2002,2003,2004,2005,2006,2007,2008,2009,2010,2011,2012,2013,2014,2015
V1,1.052652908,1.100742151,1.135412849,1.110337845,1.025230624,1.025837928,0.916560143,1.063524978,1.02695319,1.064366457,1.028070879,1.077453054,1.053173972,1.101177658,1.112532623,1.112312754,1.087221722,1.086363446,1.085292504,,,,,,,,0,0,0,0,0,0,0,0,0,0,0,0,0,0,0,0,0,0,0
V2,1.096190047,1.082305069,1.020397955,1.057983607,1.070565323,1.082943848,1.085185526,1.111105032,1.112752578,1.08905007,1.076281215,0.878682409,0.975447664,1.024119099,1.073839223,1.085185526,1.071408288,1.020899231,1.018697292,,,,,,,,0,0,0,0,0,0,0,0,0,0,0,0.021719972,0,0,0,0,0,0,0
V3,0.96980758,0.884083009,0.967910461,1.039182406,1.062311721,1.061586523,1.050650127,1.064597379,1.103372385,1.105105544,1.081029768,1.080393244,1.068044369,0.996102766,0.961453915,0.986376797,0.999636786,1.023816374,1.060799334,,,C,0.1,,,,0,0.011548006,0,0,0,0,0,0,0,0,0,0,0,0,0,0,0,0,0
V4,1.099329132,1.102158808,1.116394434,1.118168777,1.034320571,0.962169815,0.878577919,1.047479973,1.011261545,1.04788795,1.072917568,1.074803003,1.075222889,1.100352402,1.016305984,1.041114728,1.06563957,0.945191873,0.957591141,,,T,0.01,,,,0,0,0,0,0,0,0.016036804,0,0,0,0,0,0,0,0,0,0,0,0
V5,1.041522449,0.993079544,0.993760602,0.94584047,0.958624445,0.959471536,0.947512387,0.98501922,1.021903263,1.02240602,1.058399808,1.021401,0.959754232,0.910086498,0.873768753,0.776911996,0.802371612,0.875830946,1.02240602,,,,,,,,0,0,0,0,0,0,0,0,0,0,0,0,0,0,0.020104355,0.116922341,0.092262998,0.018033139,0
V6,0.851669812,0.803160959,0.779206028,0.730793365,0.950686633,0.853516706,0.879376471,0.843485327,0.843652073,0.892383027,0.965347979,0.989689402,0.977567574,1.00190779,0.806413587,0.76991052,0.831096637,0.965634149,0.990863875,,,,,,,,0.041616802,0.092470056,0.118777419,0.164762604,0,0.041203303,0.015238253,0.051955151,0.051659303,0.002029351,0,0,0,0,0.107563875,0.240846159,0.15580097,0,0
V7,0.845072082,0.894947854,0.895746836,0.920287845,0.920379143,0.993418154,1.005283891,1.004985085,0.992041139,1.049468416,1.099652641,1.135419716,1.110492,1.025232773,1.025721783,0.916396444,1.063397124,1.026895766,1.064199694,,,,,,,,0.089831334,0.093153216,0.121014031,0.140030727,0,0,0,0,0,0,0,0,0,0,0,0.218284052,0,0,0
V8,1.02793439,1.077319902,1.053091642,1.101364428,1.112803968,1.112476235,1.087431816,1.08663798,1.085636708,1.096610302,1.082837249,1.020835727,1.057928236,1.070466679,1.082872514,1.084695319,1.110599466,1.112221138,1.088702471,,,,,,,,0,0,0,0,0,0,0,0,0,0,0,0,0,0,0,0.027423071,0,0,0
V9,1.076273667,0.87909378,0.975817489,1.024301406,1.073723273,1.085333736,1.071811499,1.021440738,1.019381761,0.970149549,0.884396041,0.968253511,1.039615046,1.062713143,1.06190607,1.05054497,1.064171978,1.102688984,1.104487077,,,,,,,,0,0.016537235,0,0,0,0,0,0,0,0,0.01148661,0,0,0,0,0,0,0,0
V10,1.080763888,1.080437653,1.068117581,0.995954025,0.961029421,0.986096867,0.999309566,1.023741509,1.060692925,1.098885919,1.101400373,1.115689577,1.117533585,1.043778574,0.980064589,0.907317705,1.025932401,0.980634434,1.027239442,,,,,,,,0,0,0,0,0,0,0,0,0,0,0,0,0,0,0,0,0,0,0
V11,1.062010092,1.080980842,1.082714092,1.087006177,1.018110934,1.041963985,1.071457473,0.972978139,0.965482357,1.028736737,0.998334714,1.000342338,0.953604587,0.965688087,0.97066334,0.941145462,0.922682298,1.016368385,1.025505022,,,,,,,,0,0,0,0,0,0,0,0,0,0,0,0,0,0,0,0,0,0,0
V12,1.001978493,1.019767117,0.953599012,0.929498002,0.910344879,0.824460167,0.791522559,0.849604434,0.981930233,0.877709079,0.828265467,0.795155594,0.746180521,0.904343291,0.851759771,0.877726074,0.850288571,0.839562566,0.882434161,,,,,,,,0,0,0,0,0,0.070259841,0.103092164,0.045836044,0,0.016703299,0.067617184,0.105246787,0.152132985,0,0.042113336,0.016108263,0.044346039,0.054301519,0.012467911
V13,0.910592993,0.944764308,0.940958935,1.012757303,0.840607465,0.801025091,0.832665669,0.935235239,0.946771606,0.861123138,0.887473316,0.928032488,0.916726599,0.875244771,0.949342144,1.017023362,1.016008203,0.97882953,1.120607436,,,,,,,,0,0,0,0,0.053963892,0.163954759,0.165041219,0.006041283,0,0.049992539,0.07602652,0.077616679,0.133719892,0.021502824,0,0,0,0,0
V14,1.108025191,1.139095693,1.11707876,1.044683986,1.02816934,0.94698768,1.047874805,1.028643873,1.047046678,1.029010563,1.053936301,1.054313712,1.088685936,1.115977669,1.103155637,1.096901376,1.0929526,1.098075977,1.089068843,,,,,,,,0,0,0,0,0,0.111687088,0.011781137,0,0,0,0,0,0,0,0,0,0,0,0
V15,1.082859609,1.028755476,1.058062992,1.067858875,1.066147662,1.083053765,1.081655047,1.122828409,1.100135893,1.085708661,0.910526767,0.967251963,0.999701339,1.058238951,1.082168336,1.083694338,1.033672899,1.024463296,0.97512159,,,,,,,,0,0,0,0,0,0,0,0,0,0,0,0,0,0,0,0,0,0,0
V16,0.894481238,0.966035753,1.02548096,1.04147923,1.059050008,1.035675067,1.060961949,1.10423343,1.099202382,1.091703082,1.092365825,1.045518679,1.015146695,0.982165205,0.988917616,1.000019729,1.02366789,1.055182027,1.083183233,,,,,,,,0,0,0,0,0,0,0,0,0,0,0,0,0,0,0,0,0,0,0
V17,1.097336076,1.118804061,1.118353253,1.054301309,0.987551632,0.917974977,0.984197528,1.006028086,1.029565261,1.050406471,1.074887402,1.077423937,1.056221637,1.018086081,1.045175774,1.074649663,1.00519132,0.974334095,1.018483707,,,,,,,,0,0,0,0,0,0,0,0,0,0,0,0,0,0,0,0,0,0,0
V18,1.003216218,0.999383305,0.950970568,0.957010534,0.971303498,0.947519514,0.942484688,0.993564868,1.006461409,1.002223342,1.021275641,0.974495012,0.925727542,0.900451763,0.838138326,0.825329802,0.832617687,0.940696169,0.895268875,,,,,,,,0,0,0,0,0,0,0,0,0,0,0,0,0,0,0.055734781,0.068504535,0.062016923,0,0
V19,0.84451328,0.788338051,0.771558464,0.844396156,0.847054801,0.872829873,0.865925308,0.847629277,0.876359107,0.894420849,0.941223115,0.937868743,0.992765868,0.868947034,0.827242871,0.820226522,0.900866833,0.899924427,0.861218237,,,,,,,,0.048773334,0.107292964,0.126424983,0.051159813,0.047516556,0.021890136,0.028689415,0.047811201,0.018952269,0,0,0,0,0.027800561,0.122365017,0.14211235,0.0557847,0,0.033683836
V20,0.906688476,0.934843743,0.931624905,0.889098897,0.938671322,0.994786859,1.018254517,0.979673496,1.10333562,1.098322974,1.142831307,1.125774334,1.067291483,1.042340336,0.947574738,1.036184147,1.030736116,1.043943588,1.018687724,,,,,,,,0.035371472,0.068080237,0.092783525,0.057616884,0.00341659,0,0,0,0,0,0,0,0,0,0.068663386,0,0,0,0
V21,1.030209815,1.032797195,1.096514241,1.113211625,1.118665919,1.093036814,1.105911464,1.104595239,1.098586404,1.087784086,1.043991458,1.062595181,1.067542295,1.061484407,1.082610655,1.081791947,1.113983875,1.101538671,1.098867133,,,,,,,,0,0,0,0,0,0,0,0,0,0,0,0,0,0,0,0,0,0,0
V22,0.951380116,0.964653834,0.984867484,1.026550804,1.06670535,1.082436998,1.048193864,1.031855057,0.987910224,0.910996114,0.954743478,1.021865506,1.041203515,1.052886761,1.040477919,1.045574897,1.088542892,1.101564178,1.098932812,,,,,,,,0,0,0,0,0,0,0,0,0,0,0,0,0,0,0,0,0,0,0
V23,1.095001911,1.034829258,1.022200915,0.991598586,0.9888075,0.972333069,1.012708099,1.062293185,1.077380556,1.09727765,1.116821291,1.117696765,1.049364182,1.008886818,0.945662313,0.963953982,1.01486942,1.034894425,1.048043937,,,,,,,,0,0,0,0,0,0,0,0,0,0,0,0,0,0,0,0,0,0,0
V24,1.056401184,1.069620237,1.019785447,1.038122852,1.047159416,1.069107508,1.014895503,0.986655887,1.01874541,0.986397602,0.993635361,0.961260222,0.952127354,0.934902268,0.968133051,0.932746702,0.987050558,1.009517917,1.012244302,,,,,,,,0,0,0,0,0,0,0,0,0,0,0,0,0,0,0,0,0,0,0
V25,1.023762512,0.974774109,0.94071321,0.903977374,0.837737305,0.832689399,0.838650104,0.941577432,0.872853425,0.851549029,0.797640852,0.782983797,0.832959642,0.839521006,0.864246625,0.866608372,0.844192574,0.851868569,0.910537958,,,,,,,,0,0,0,0,0.056834051,0.06203061,0.055964619,0,0.022457951,0.042863349,0.098241799,0.117418583,0.065353864,0.057226589,0.029626482,0.027225965,0.050442036,0.041995516,0
V26,0.932073614,0.945595921,0.991982543,0.871238603,0.823910363,0.803731563,0.888106649,0.919950103,0.830889325,0.890596858,0.938396476,0.948327608,0.918998581,0.934324675,0.977746314,1.015211123,0.986534272,1.118389565,1.110184151,,,,,,,,0,0,0,0.024317366,0.127495045,0.153019055,0.062472693,0,0.086880002,0.046678869,0.055727975,0.069493356,0.044668789,0.019649509,0,0,0,0,0
V27,1.143201382,1.134538528,1.084725008,1.05395388,0.970389044,1.014035202,1.034899189,1.049538966,1.019435563,1.021097335,1.023923464,1.083950492,1.104666975,1.114182644,1.091687572,1.117528098,1.116357419,1.101984597,1.076916203,,,,,,,,0,0,0,0,0.051677357,0.033703862,0,0,0,0,0,0,0,0,0,0,0,0,0
V28,1.055960263,1.040925603,1.044344551,1.033309716,1.087198221,1.099726194,1.121959525,1.102007022,1.094330084,0.976165997,0.971264358,0.970551741,1.01961069,1.06576233,1.086396607,1.05676626,1.038496965,0.999375324,0.940379816,,,,,,,,0,0,0,0,0,0,0,0,0,0,0,0,0,0,0,0,0,0,0
V29,0.954684012,0.99265297,1.025189955,1.044049977,1.039710577,1.056237443,1.090746669,1.104413685,1.105222128,1.098238147,1.039529235,1.002933438,0.98823187,0.992911034,0.986374738,1.009553816,1.045203442,1.067355993,1.094174638,,,,,,,,0,0,0,0,0,0,0,0,0,0,0,0,0,0,0,0,0,0,0
V30,1.111429204,1.104849123,1.056127101,0.999144936,0.959951855,0.968082288,1.018198325,1.016112434,0.99105472,1.031051965,1.085509497,1.049253762,1.050812066,1.055427661,1.072969627,1.029843157,0.995619324,0.999623778,0.972318491,,,,,,,,0,0,0,0,0,0,0,0,0,0,0,0,0,0,0,0,0,0,0
V31,0.980810494,0.963172933,0.982467798,0.95632204,0.944051412,0.92035205,0.991836083,1.014352993,1.008367885,0.978346555,0.976441764,0.959119192,0.91307653,0.85892068,0.846197833,0.847057311,0.929471748,0.880185786,0.860894982,,,,,,,,0,0,0,0,0,0,0,0,0,0,0,0,0,0.037826915,0.047675275,0.046777026,0,0.013678299,0.03400709
V32,0.792384476,0.767207437,0.782039425,0.816893926,0.877350981,0.889766495,0.862100735,0.861877344,0.901748276,0.929164145,0.949223978,0.983363654,0.891940589,0.825071757,0.80837708,0.876322921,0.918458155,0.839098154,0.880832377,,,,,,,,0.100902138,0.128423578,0.115944022,0.078662042,0.017220376,0.004953514,0.032513989,0.033563134,0,0,0,0,0.006372917,0.109502753,0.133171302,0.064288443,0,0.06844423,0.048076786
V33,0.93178802,0.935682166,0.927917767,0.939514884,0.956868083,1.004224743,0.991056997,1.108172109,1.11621347,1.138495019,1.126117073,1.097239244,1.067494465,0.991823236,1.01792963,1.036839558,1.037129887,1.028300652,1.024143152,,,,,,,,0.062400732,0.088372426,0.086009702,0.034703126,0,0,0,0,0,0,0,0,0,0.014427112,0.00911478,0,0,0,0
V34,1.014615464,1.055791505,1.088820626,1.111616372,1.103474236,1.119310865,1.122591098,1.099468598,1.073221025,1.066740785,1.055498132,1.033891319,1.026331954,1.08891501,1.102964075,1.101931967,1.111934586,1.099711318,0.996667277,,,,,,,,0,0,0,0,0,0,0,0,0,0,0,0,0,0,0,0,0,0,0
V35,0.972804041,0.971304007,1.009233297,1.056843347,1.08375471,1.051554727,1.045503334,1.014808584,0.955593034,0.959798069,0.981617856,1.013705741,1.022022665,1.047711159,1.047956715,1.095931723,1.106109623,1.10571582,1.089430533,,,,,,,,0,0,0,0,0,0,0,0,0,0,0,0,0,0,0,0,0,0,0
V36,1.045826807,1.017629689,1.001429566,0.992252119,0.998951844,1.002472435,1.037109919,1.059395124,1.057754676,1.107146463,1.090508196,1.063588396,1.008314401,0.958345178,0.960171715,1.026473952,1.041975892,1.001025865,1.023870553,,,,,,,,0,0,0,0,0,0,0,0,0,0,0,0,0,0,0,0,0,0,0
V37,1.067971988,1.050181867,1.058443549,1.052312363,1.059969597,1.033926748,1.00911559,0.98037486,0.97068782,0.988855021,0.969874505,0.98352102,0.966992137,0.955279124,0.931653136,0.983145136,0.952298042,0.97443882,0.989475236,,,,,,,,0,0,0,0,0,0,0,0,0,0,0,0,0,0,0,0,0,0,0
V38,0.989423574,0.97541169,0.910303,0.868967482,0.862282879,0.864336905,0.920791111,0.884821847,0.864378631,0.787229815,0.765817021,0.802808149,0.785901705,0.869503087,0.889129365,0.874681312,0.866697695,0.887464006,0.917460534,,,,,,,,0,0,0,0.026588486,0.032288477,0.030383103,0,0.010618632,0.030932745,0.107182562,0.130065631,0.097594232,0.112411801,0.027244508,0.004743742,0.019153025,0.027936915,0.006400079,0
V39,0.900979502,0.948428472,0.909725324,0.861958254,0.834127676,0.881433241,0.913825313,0.855528965,0.873630337,0.901721723,0.896074537,0.867629904,0.926972028,0.975478211,1.029358526,1.000196246,1.140906486,1.126827109,1.129677928,,,,,,,,0,0,0,0.0601862,0.092732157,0.043669871,0,0.050530145,0.052613784,0.099873217,0.129873745,0.130366708,0.083753279,0,0,0,0,0,0
V40,1.130757802,1.115054944,1.080203494,1.002469776,1.016510173,1.034704107,1.038678827,1.013235257,1.000043661,1.020723663,1.065079411,1.093108211,1.113546034,1.10593602,1.116905408,1.120976636,1.098655195,1.08806292,1.064016176,,,,,,,,0,0,0,0,0,0,0,0,0,0,0,0,0,0,0,0,0,0,0
V41,1.051865862,1.032079423,1.019600042,1.077887232,1.103645881,1.107589731,1.112009131,1.094511317,1.020014827,0.992897625,0.974739117,1.002409424,1.043694661,1.077716661,1.065275252,1.027761917,1.014482736,0.965247851,0.967251838,,,,,,,,0,0,0,0,0,0,0,0,0,0,0,0,0,0,0,0,0,0,0
V42,0.982220304,1.011821201,1.019530357,1.036242293,1.040924605,1.087895667,1.103397262,1.109842429,1.089411756,1.059576075,1.028548516,1.004326151,1.004244868,0.997639666,0.996599553,1.019813241,1.037072054,1.043876877,1.090683846,,,,,,,,0,0,0,0,0,0,0,0,0,0,0,0,0,0,0,0,0,0,0
V43,1.076049155,1.060822995,1.036774161,0.978565064,0.978978008,1.033728716,1.03679501,1.002995994,1.012439622,1.05109875,1.057403787,1.069057822,1.057628042,1.048214095,0.994332557,1.007263137,1.016807387,0.979248938,0.983491921,,,,,,,,0,0,0,0,0,0,0,0,0,0,0,0,0,0,0,0,0,0,0
V44,0.959477655,0.973890976,0.98146288,0.95842111,0.920556359,0.980490566,0.934141269,0.950525438,0.994160863,0.991240959,0.989658366,0.913451771,0.892800509,0.879190711,0.874658119,0.912624275,0.884732861,0.879302616,0.80577459,,,,,,,,0,0,0,0,0,0,0,0,0,0,0,0,0.005512997,0.017556884,0.019214988,0,0.009901749,0.014561469,0.089127483
V45,0.765374963,0.773864005,0.765770514,0.852797349,0.898545345,0.894696209,0.864612827,0.853444795,0.861282413,0.909823469,0.935428653,0.924425397,0.884604343,0.852824601,0.873392749,0.883063339,0.841183255,0.89010262,0.877946798,,,,,,,,0.127911651,0.12176701,0.132212933,0.04275862,0,2.37995E-05,0.030001896,0.041995683,0.034028962,0,0,0,0.01922216,0.061479877,0.039695346,0.010770998,0.063353104,0.018322934,0.106082757
V46,0.911529155,0.881780689,0.936046626,0.968581737,0.992896452,0.965126068,1.140574059,1.154074282,1.156091732,1.137722134,1.10387745,1.094311526,1.030277915,1.031288386,1.034101728,1.02481334,1.01329135,1.007793554,1.021834679,,,,,,,,0.10966911,0.135617336,0.094149753,0,0,0,0,0,0,0,0,0,0,0,0,0,0,0,0
V47,1.047903264,1.085639751,1.111661702,1.106831391,1.114932162,1.119361879,1.102724785,1.094432514,1.063725702,1.04093424,1.034744477,1.028402778,1.076778642,1.097689714,1.109777523,1.109267226,1.086351004,1.042048326,0.996886953,,,,,,,,0,0,0,0,0,0,0,0,0,0,0,0,0,0,0,0,0,0,0
V48,0.980042481,0.998565385,1.027803055,1.06946934,1.05929517,1.038512623,1.02130709,0.982527676,0.975722015,0.975004598,0.994662075,1.026529829,1.040384773,1.04399492,1.068339577,1.100342783,1.10992523,1.093728401,1.059823811,,,,,,,,0,0,0,0,0,0,0,0,0,0,0,0,0,0,0,0,0,0,0
V49,1.037562446,1.012723385,1.012220247,0.999710724,0.995241391,1.016753196,1.034648008,1.043942513,1.075361647,1.070654003,1.064505127,1.040709797,0.98716164,0.984562681,1.024049324,1.024615201,0.975298857,1.005162763,1.056947036,,,,,,,,0,0,0,0,0,0,0,0,0,0,0,0,0,0,0,0,0,0,0
V50,1.061070287,1.059539811,1.059204615,1.053550286,1.014788243,1.007218018,1.014770406,0.983747444,0.984335167,0.96480651,0.980370737,0.989612814,0.954278291,0.909430569,0.978767141,0.940608816,0.954513494,0.986298114,0.988825392,,,,,,,,0,0,0,0,0,0,0,0,0,0,0,0,0,0,0,0,0,0,0
V51,0.964415323,0.90018318,0.905756106,0.889440116,0.86891222,0.896195117,0.912631641,0.893112764,0.818668257,0.773928818,0.775360476,0.768046743,0.834155487,0.86102285,0.911984364,0.877096562,0.860451766,0.839722219,0.898423668,,,,,,,,0,0,0,0.006115852,0.025659137,0,0,0.002327714,0.076643119,0.12048356,0.120522175,0.132355638,0.064158019,0.035724745,0,0.016737776,0.034182844,0.054141866,0
V52,0.91382286,0.924021926,0.905329807,0.873738212,0.890561028,0.873683843,0.846347601,0.868832141,0.872232541,0.888022429,0.867588038,0.894571903,0.986277246,1.014319149,0.973380576,1.125438087,1.142187311,1.165657492,1.150639329,,,,,,,,0,0,0,0.027933608,0.029669465,0.021036166,0.048267123,0.028936052,0.099721954,0.126873509,0.148816789,0.138186115,0,0,0,0,0,0,0
V53,1.120817911,1.102680306,1.043906433,1.031316683,1.036026364,1.029949473,1.020042626,1.009150402,1.024184527,1.043243958,1.056903265,1.094355334,1.101118801,1.119267681,1.11176854,1.114120229,1.103084929,1.073308452,1.058800262,,,,,,,,0,0,0,0,0,0,0,0,0,0,0,0,0,0,0,0,0,0,0
V54,1.047364185,1.020298549,1.0576785,1.077274204,1.112706272,1.105170298,1.094798545,1.056682378,1.013729708,0.987541676,0.999874866,1.022039223,1.055574695,1.040454964,1.027598787,1.023405401,0.996260249,0.958809362,0.986880182,,,,,,,,0,0,0,0,0,0,0,0,0,0,0,0,0,0,0,0,0,0,0
V55,0.989877548,1.009335888,1.044472012,1.044815193,1.06891146,1.099188298,1.107450449,1.104081193,1.068155751,1.029820284,1.020130221,1.015164765,1.010820584,0.987920081,1.019506561,1.036945864,1.047824945,1.06236725,1.069210964,,,,,,,,0,0,0,0,0,0,0,0,0,0,0,0,0,0,0,0,0,0,0
V56,1.06268558,1.03194223,0.989817822,0.988718428,1.019848461,1.028100066,0.979248554,1.013024856,1.011341336,1.073280592,1.064508758,1.061190229,1.047389432,1.015183661,1.008974949,0.996738728,0.988990455,0.999537451,0.971968354,,,,,,,,0,0,0,0,0,0,0,0,0,0,0,0,0,0,0,0,0,0,0
V57,0.97719793,0.97240077,0.9605708,0.933046439,0.983216173,0.945363118,0.950924185,0.972727694,0.963262734,0.975948414,0.917231008,0.915863654,0.901210546,0.877539722,0.889025482,0.908689729,0.893368692,0.822652496,0.78449942,,,,,,,,0,0,0,0,0,0,0,0,0,0,0,0,0,0.019207873,0.004847625,0,0.001265918,0.071211589,0.110402652
V58,0.77465809,0.764804907,0.818075329,0.863526148,0.891393686,0.851790158,0.851213341,0.837714418,0.910434375,0.925703034,0.921145134,0.894509545,0.884159339,0.896237629,0.879341663,0.846632707,0.8718428,0.88480242,0.891908596,,,,,,,,0.118628524,0.130826108,0.079908118,0.032029821,0.003177671,0.042929851,0.043401382,0.05772606,0,0,0,0.005892835,0.014154168,0.019717839,0.019379069,0.04720163,0.024057727,0.080273255,0.113396129
V59,0.877846102,0.885623658,0.953385699,1.003232869,0.987912602,1.122062601,1.131889116,1.147981861,1.146992083,1.133732837,1.092177898,1.035335957,1.062117991,1.049023218,1.007163166,1.026656877,1.021453765,1.020641144,1.045534453,,,,,,,,0.134069036,0.140833465,0.024505866,0,0,0,0,0,0,0,0,0,0,0,0,0,0,0,0
V60,1.047002792,1.085022943,1.106749534,1.120248142,1.111108896,1.113380097,1.107735186,1.083722004,1.065755584,1.049963052,1.031606788,1.05891795,1.068649045,1.096347527,1.081240859,1.073077076,1.072821847,1.023302385,1.006322862,,,,,,,,0,0,0,0,0,0,0,0,0,0,0,0,0,0,0,0,0,0,0
V61,1.009270867,1.028203536,1.043252384,1.033832657,1.011935474,1.023558347,1.009468433,0.966563124,0.993716887,0.994259259,1.001965131,1.044011391,1.049423422,1.058019162,1.090917606,1.102465951,1.100267321,1.081613483,1.047247855,,,,,,,,0,0,0,0,0,0,0,0,0,0,0,0,0,0,0,0,0,0,0
V62,1.026397655,1.004226043,1.002503765,0.987093455,1.012374235,1.035586781,1.044989417,1.055519487,1.06509308,1.062492895,1.038269713,1.007949874,0.993417815,1.009960635,1.011871416,0.983297971,1.012602755,1.016625628,1.064562316,,,,,,,,0,0,0,0,0,0,0,0,0,0,0,0,0,0,0,0,0,0,0
V63,1.057692613,1.05927024,1.05475673,1.029457075,1.015663664,1.00883648,0.988190131,0.992102198,0.979621185,0.983662028,0.975877853,0.964377737,0.93123703,0.973955192,0.952026699,0.945322225,0.945132636,0.976881192,0.976087268,,,,,,,,0,0,0,0,0,0,0,0,0,0,0,0,0,0,0,0,0,0,0
V64,0.929242099,0.913760268,0.905794639,0.88854261,0.886348808,0.908013775,0.887202392,0.814269403,0.789266475,0.780770824,0.762396564,0.821920968,0.866700169,0.866985006,0.857914707,0.855994014,0.844584373,0.889568278,0.911405369,,,,,,,,0,0,0,0.007013358,0.008222548,0,0.007412331,0.081171075,0.106044901,0.113641554,0.133486087,0.078481413,0.031613337,0.02976259,0.0359584,0.037840324,0.050050237,0.004295807,0
V65,0.931493661,0.908393458,0.891521156,0.889518305,0.846780938,0.848779538,0.82503552,0.855539168,0.901638998,0.890349887,0.885779348,0.944956412,1.004951318,0.994773497,1.161414753,1.144549301,1.149459015,1.142497098,1.132166607,,,,,,,,0,0,0.006462291,0.013051022,0.056012967,0.045940471,0.076991535,0.121072385,0.099717279,0.117704044,0.14358939,0.033927381,0,0,0,0,0,0,0
V66,1.075765802,1.038257025,1.063090799,1.057468633,1.018873581,1.041907467,1.03066803,1.024332249,1.041658327,1.045201824,1.076087983,1.103669659,1.116176013,1.11891924,1.108414815,1.107028634,1.083507993,1.056672754,1.052384131,,,,,,,,0,0,0,0,0,0,0,0,0,0,0,0,0,0,0,0,0,0,0
V67,1.038847572,1.068253208,1.074980271,1.095339297,1.071763706,1.071157127,1.079486119,1.038144944,1.015396007,1.0165505,1.029237892,1.035880638,1.016284832,1.028090709,1.025051672,1.010767727,0.977996881,0.973887685,0.976426649,,,,,,,,0,0,0,0,0,0,0,0,0,0,0,0,0,0,0,0,0,0,0
V68,0.98545732,1.044003505,1.045710233,1.062424225,1.077606426,1.100144607,1.09985096,1.097885872,1.055543864,1.026604203,1.006523346,0.993736607,0.991948481,1.016297923,1.032164756,1.046635944,1.05392993,1.05735797,1.038367232,,,,,,,,0,0,0,0,0,0,0,0,0,0,0,0,0,0,0,0,0,0,0
V69,1.047350688,1.020060019,0.998553724,1.015835955,1.001150058,0.990144255,0.995891579,1.017143987,1.054354845,1.060538596,1.05738913,1.049608759,0.997888277,1.034720555,1.022616411,1.00011002,1.000796353,0.985515079,0.969746634,,,,,,,,0,0,0,0,0,0,0,0,0,0,0,0,0,0,0,0,0,0,0
V70,0.955626206,0.964468264,0.955374884,0.983976674,0.955613153,0.925233438,0.94513974,0.972689688,0.979802618,0.911412572,0.923428202,0.930164119,0.896526598,0.892142687,0.910281616,0.896772733,0.811102224,0.784250683,0.780644891,,,,,,,,0,0,0,0,0,0,0,0,0,0,0,0,0.001786908,0.004604908,0,0,0.083532386,0.109613403,0.114257181
V71,0.780895128,0.818549185,0.855532802,0.84029575,0.824151483,0.862299117,0.851906429,0.849777825,0.925935304,0.948647403,0.917006505,0.879991789,0.885460296,0.856630983,0.801011695,0.820738579,0.843912916,0.909676185,0.907352959,,,,,,,,0.112391486,0.07708183,0.042450645,0.055260218,0.070419873,0.032420891,0.042708295,0.045662653,0,0,0,0.020410591,0.014640118,0.04472152,0.092861412,0.073095758,0.134254081,0.093801303,0.101806295
V72,0.884438194,0.958079021,1.000102596,0.980027897,1.198101502,1.134661045,1.135755635,1.150162094,1.142714144,1.088547494,1.037761911,1.057576407,1.074709547,1.025784541,1.03710535,1.036262419,1.025304057,1.033131153,1.033028263,,,,,,,,0.121239907,0.014633825,0,0,0,0,0,0,0,0,0,0,0,0,0,0,0.003584634,0,0
V73,1.078227593,1.106618419,1.114672252,1.115088077,1.103772449,1.10554181,1.068311508,1.064809658,1.069419162,1.048039658,1.065563184,1.080216205,1.0904477,1.069703526,1.083091562,1.077291128,1.050660246,1.024779517,1.024493779,,,,,,,,0,0,0,0,0,0,0,0,0,0,0,0,0,0,0,0,0,0,0
V74,1.036434713,1.034980556,1.024457527,1.028748244,1.030322112,1.022019566,0.988905941,0.972813384,0.953449902,0.996321302,1.033376867,1.047824723,1.057468806,1.072425298,1.083761741,1.088623886,1.096388633,1.070532668,1.048615911,,,,,,,,0,0,0,0,0,0,0,0,0,0,0,0,0,0,0,0,0,0,0
V75,1.00623614,0.989779872,0.988582919,1.005073274,1.014498056,1.036505996,1.050945582,1.055485562,1.034108943,1.038540748,1.019855898,1.015186866,1.025727048,1.003255659,0.983614601,0.994602329,1.017050541,1.048819043,1.05707785,,,,,,,,0,0,0,0,0,0,0,0,0,0,0,0,0,0,0,0,0,0,0
V76,1.05673342,1.043375591,1.003784979,1.01845633,1.021549288,0.988277763,1.001554282,0.991656876,0.982924886,0.961043519,0.956962096,0.97394074,0.97766782,0.973088436,0.933484525,0.937058503,0.965970601,0.975670922,0.914588071,,,,,,,,0,0,0,0,0,0,0,0,0,0,0,0,0,0,0,0,0,0,0
V77,0.917207264,0.928790629,0.907617371,0.88537718,0.911099132,0.902266822,0.83202431,0.799296934,0.787051277,0.779266489,0.809692692,0.808475331,0.837540722,0.831242477,0.866480382,0.855674808,0.847002798,0.922843359,0.929754671,,,,,,,,0,0,0,0.010178788,0,0,0.062590414,0.096143545,0.108260099,0.115145889,0.086189959,0.091927049,0.060772784,0.065505118,0.027392725,0.03815953,0.047631811,0,0
V78,0.913894431,0.884042745,0.893181643,0.850966064,0.829664605,0.771177586,0.823884555,0.907653778,0.904227049,0.896165791,0.921461586,0.992157287,0.993148444,1.198910121,1.153433252,1.153309968,1.151168874,1.139244378,1.082185289,,,,,,,,0,0.01158827,0.004801804,0.054768693,0.064906752,0.123542423,0.133320582,0.083930245,0.099344426,0.113392476,0.060611024,0.000172143,0,0,0,0,0,0,0
V79,1.061109192,1.067311977,1.072301347,1.030078328,1.041350805,1.047646393,1.012318108,1.033964495,1.035847137,1.069563648,1.094381134,1.113479827,1.117157822,1.114469958,1.11172441,1.071097582,1.053981297,1.066809883,1.054028754,,,,,,,,0,0,0,0,0,0,0.015617197,0,0,0,0,0,0,0,0,0,0,0,0
V80,1.05902385,1.08228596,1.096633119,1.073930191,1.076839363,1.07097839,1.056347529,1.03939134,1.027742723,1.035165523,1.037200841,1.032156484,1.021312563,1.017116152,1.016130012,0.993589903,0.985018377,0.945312666,0.983678657,,,,,,,,0,0,0,0,0,0,0,0,0,0,0,0,0,0,0,0,0,0,0
V81,1.028234332,1.050517264,1.053881662,1.065166233,1.081199861,1.097046812,1.097994315,1.063583168,1.042590685,1.002137262,1.004569689,0.981436216,1.011936695,1.007227979,1.044755519,1.058670724,1.057499743,1.03687897,1.020306622,,,,,,,,0,0,0,0,0,0,0,0,0,0,0,0,0,0,0,0,0,0,0
V82,1.027149796,1.01384606,1.028138935,1.016142395,0.990145371,0.999571249,1.016610106,1.036771578,1.048014029,1.042682927,1.051146381,1.012373724,1.023609168,0.999327449,0.989396692,0.967275665,1.016114522,0.991313554,0.963678,,,,,,,,0,0,0,0,0,0,0,0,0,0,0,0,0,0,0,0,0,0,0
V83,0.948280924,0.99009451,0.978054719,0.963872487,0.948013694,0.936952803,0.951811354,0.990722377,0.932264455,0.923346295,0.898718004,0.900363883,0.901717174,0.919013343,0.907114981,0.845747414,0.810992937,0.772208683,0.781881038,,,,,,,,0,0,0,0,0,0,0,0,0,0,0,3.84977E-05,0,0,0,0.048086923,0.083641673,0.121655402,0.113021035
V84,0.808689583,0.810558594,0.829795298,0.829591658,0.865219946,0.859713576,0.854700533,0.872032318,0.901326697,0.900198752,0.887939827,0.90903733,0.855115188,0.81939467,0.756720246,0.843637518,0.905679399,0.870923802,0.852389898,,,,,,,,0.08459703,0.085072421,0.068188149,0.06596431,0.029351411,0.035006433,0.039914191,0.02340816,0,0,0.007942824,0,0.043198318,0.077352926,0.137152861,0.098283743,0.072596884,0.144595686,0.155533209
V85,0.930121554,1.000504871,1.002463834,1.243012296,1.165431214,1.155197482,1.157750978,1.112908922,1.103091538,1.070649955,1.058883154,1.073438272,1.039219606,1.047657204,1.058761258,1.008989267,1.04065869,1.03802405,1.065711701,,,,,,,,0.047762091,0,0,0,0,0,0,0,0,0,0,0,0,0,0,0,0,0.000435721,0
V86,1.082286954,1.087699633,1.100250801,1.114289418,1.123382143,1.078469755,1.068078389,1.07208418,1.063687211,1.066575821,1.075217661,1.088189295,1.065002108,1.064502986,1.075584754,1.071331351,1.033197883,1.045266266,1.045052847,,,,,,,,0,0,0,0,0,0,0,0,0,0,0,0,0,0,0,0,0,0,0
V87,1.040556105,1.027261825,1.026519917,1.022337076,1.020660717,0.999991169,0.993654317,0.936770227,0.981416767,1.017638743,1.041515348,1.044622343,1.05653325,1.077001028,1.097251862,1.092650864,1.06874474,1.041287306,0.999833473,,,,,,,,0,0,0,0,0,0,0,0,0,0,0,0,0,0,0,0,0,0,0
V88,1.015833444,0.992804026,1.01710442,0.992844015,1.007844663,1.071402607,1.043513144,1.035866399,1.000166203,1.038127524,1.023467463,1.039503127,1.022933324,1.003010275,1.000017701,1.020698987,1.026322825,1.030564593,1.022601469,,,,,,,,0,0,0,0,0,0,0,0,0,0,0,0,0,0,0,0,0,0,0
V89,1.058513899,1.020453482,1.02968111,0.99880465,0.999047949,0.951593534,1.018780341,0.981101003,0.98377598,0.953961374,0.996172259,0.980414509,0.972566361,0.959205834,0.938890059,0.937084524,0.984040912,0.913605336,0.923339208,,,,,,,,0,0,0,0,0,0,0,0,0,0,0,0,0,0,0,0,0,0,0
V90,0.90887153,0.901378249,0.90435396,0.911140614,0.872024913,0.869093862,0.844070308,0.79361474,0.797807522,0.78511301,0.807631609,0.796861565,0.83416486,0.840566192,0.836567138,0.846645117,0.831259431,0.892434912,0.916546625,,,,,,,,0,0,0,0,0.022546444,0.025626147,0.050544415,0.101825738,0.097503854,0.109299368,0.088251042,0.103540815,0.064148646,0.056181403,0.057305969,0.047189221,0.063375179,0.001429173,0
V91,0.916478121,0.923631613,0.878498316,0.830385347,0.766443318,0.817312477,0.880552128,0.85367896,0.879488682,0.934798515,0.959160634,0.994879232,1.243780829,1.172934901,1.157285857,1.163843937,1.132435407,1.115070737,1.09393761,,,,,,,,0,0,0.01948513,0.065170622,0.150674482,0.103033679,0.064607011,0.143587257,0.113326548,0.068913231,0.024973059,0.009063964,0,0,0,0,0,0,0
V92,1.076925845,1.074929339,1.032696924,1.050593026,1.050168498,1.0184116,1.037570363,1.04450303,1.049889935,1.067180953,1.069660101,1.109265674,1.117402426,1.13035335,1.092660912,1.080253759,1.068771954,1.066576186,1.067087325,,,,,,,,0,0,0,0,0,0,0,0,0,0,0,0,0,0,0,0,0,0,0
V93,1.068730612,1.075269833,1.074693666,1.070682076,1.075630402,1.074625963,1.012963205,1.054753653,1.055763678,1.040900054,1.0301931,1.023084564,1.026601899,1.024958088,1.005924853,0.999464097,0.950445458,0.979374428,0.99242041,,,,,,,,0,0,0,0,0,0,0,0,0,0,0,0,0,0,0,0,0,0,0
V94,1.028627281,1.038924851,1.054247858,1.076695434,1.090286185,1.093446875,1.074043321,1.05131253,1.009792618,1.009222606,0.992781656,1.014302699,0.994521188,1.000437071,1.046253479,1.042322229,1.047043747,1.013968054,1.037830698,,,,,,,,0,0,0,0,0,0,0,0,0,0,0,0,0,0,0,0,0,0,0
V95,1.028796188,1.017938198,1.020652222,1.018326369,1.008754173,1.0243825,1.024211735,1.03354256,1.029950056,1.036520472,1.012614219,1.036946568,1.00789806,0.99778181,0.9737628,1.008393293,0.982800271,0.992686556,0.961335867,,,,,,,,0,0,0,0,0,0,0,0,0,0,0,0,0,0,0,0,0,0,0
V96,0.983150024,0.976462061,0.965792,0.970571917,0.906771202,0.937365328,0.960441427,0.926720742,0.918741748,0.917565486,0.903824756,0.87805538,0.896249577,0.882569187,0.881341927,0.871824745,0.81542662,0.811099542,0.794622461,,,,,,,,0,0,0,0,0,0,0,0,0,0,0,0.022347001,0.002063929,0.014178408,0.01253118,0.022009592,0.07920799,0.082764543,0.100279611
V97,0.806531125,0.786450602,0.821757312,0.817749104,0.840170428,0.841236042,0.841386965,0.878281614,0.915404719,0.903772671,0.924597399,0.883451387,0.837484917,0.791762017,0.805193012,0.882427994,0.839653061,0.863192776,0.898588593,,,,,,,,0.086755488,0.109180413,0.076226135,0.077806864,0.054400928,0.053483966,0.053227759,0.017158864,0,0,0,0.039297994,0.062892518,0.119163986,0.101211276,0.033415936,0.134189539,0.113435852,0.096593091
V98,0.947809068,0.994148831,1.238435113,1.19073522,1.169772647,1.159343257,1.132045199,1.118575103,1.109633074,1.08633484,1.071568151,1.042553149,1.05771779,1.052990107,1.030496228,1.02161166,1.010205165,1.04853849,1.068225804,,,,,,,,0.032233034,0.010662597,0,0,0,0,0,0,0,0,0,0,0,0,0,0,0.018618984,0,0
V99,1.074680395,1.115549102,1.110420377,1.127485132,1.104344056,1.082362352,1.07199618,1.063322244,1.075513759,1.071615785,1.065065193,1.07831487,1.080070775,1.078191653,1.063612796,1.032837718,1.055883105,1.026093391,1.059088311,,,,,,,,0,0,0,0,0,0,0,0,0,0,0,0,0,0,0,0,0,0,0
V100,1.032357531,1.025416842,1.029085737,1.019218057,1.016832202,1.002724761,0.963777605,0.978393269,0.987030916,1.004033441,1.031882759,1.05312665,1.076365061,1.092130088,1.086129039,1.077762184,1.066619158,1.010500217,1.011929824,,,,,,,,0,0,0,0,0,0,0,0,0,0,0,0,0,0,0,0,0,0,0
V101,1.001688371,1.02200328,0.992882472,0.998553877,1.030765013,1.029832474,1.046037996,1.027273023,1.040211193,1.029336844,0.982858021,1.000435438,1.002342765,0.986559413,1.024421123,1.046521543,1.047909687,1.04122162,1.041981174,,,,,,,,0,0,0,0,0,0,0,0,0,0,0,0,0,0,0,0,0,0,0
V102,1.024458812,1.043618217,1.002050575,0.959490279,0.982945571,0.999063773,0.984624922,1.004438384,0.981642223,0.971221199,0.980864845,0.967239385,0.98451336,0.920249364,0.931400358,0.940465022,0.938125292,0.910291589,0.878390415,,,,,,,,0,0,0,0,0,0,0,0,0,0,0,0,0,0,0,0,0,0,0.016511658
V103,0.899874139,0.899833788,0.912800508,0.898332156,0.88302435,0.869861927,0.824015068,0.80148391,0.784741675,0.792269138,0.804284638,0.823524469,0.826106201,0.845421683,0.851641604,0.847407926,0.861289215,0.864904693,0.86077157,,,,,,,,0,0,0,0,0.011547007,0.024858082,0.070599655,0.093956568,0.110569701,0.10214324,0.091598013,0.076877912,0.072207305,0.051325912,0.042231503,0.046426411,0.033345395,0.028959392,0.05064216
V104,0.915219952,0.902520881,0.85860569,0.815294092,0.818050798,0.873073317,0.849517266,0.849971208,0.840981485,0.918503125,0.985259166,1.300203993,1.191956417,1.18991466,1.166604969,1.145230153,1.121597679,1.100345827,1.092566529,,,,,,,,0,0,0.039377757,0.080261877,0.088067565,0.046504773,0.115697112,0.139425839,0.164899591,0.078052493,0.002221498,0,0,0,0,0,0,0,0
V105,1.081705793,1.0477738,1.044340576,1.033255675,1.042610907,1.028046779,1.015038666,1.047085203,1.065902801,1.072417951,1.100612339,1.086662411,1.13083937,1.122914582,1.098512399,1.080230716,1.070563541,1.075733116,1.070207631,,,,,,,,0,0,0,0,0,0,0,0,0,0,0,0,0,0,0,0,0,0,0
V106,1.065917826,1.06862459,1.080753132,1.058838429,1.07399978,1.054178153,1.047597934,1.01229939,1.054041723,1.026100218,1.019361636,1.045619838,1.017934566,1.014391901,0.999832635,0.977748659,0.987568003,0.981723316,0.990870037,,,,,,,,0,0,0,0,0,0,0,0,0,0,0,0,0,0,0,0,0,0,0
V107,1.035532729,1.039925909,1.066100743,1.076515173,1.081338757,1.088250548,1.062431443,1.030252664,1.014196736,1.002238375,1.03021097,1.001966218,0.975707178,1.030349993,1.013999927,1.059804665,1.041085757,1.03789438,1.020699653,,,,,,,,0,0,0,0,0,0,0,0,0,0,0,0,0,0,0,0,0,0,0
V108,0.968617354,1.011886479,1.006312938,1.007633616,1.01485397,1.024835402,1.041741529,1.037626777,1.035041527,1.025503171,1.045332438,1.021078396,0.97275512,0.975688321,0.982192835,0.986373233,0.995547286,0.998091659,0.98427516,,,,,,,,0,0,0,0,0,0,0,0,0,0,0,0,0,0,0,0,0,0,0
V109,0.968935296,0.957761078,0.987501246,0.943397704,0.942313594,0.938167942,0.933060207,0.884149009,0.882629489,0.889109724,0.900878018,0.93008773,0.907761934,0.891992174,0.838799155,0.808284387,0.817867207,0.801085041,0.801383041,,,,,,,,0,0,0,0,0,0,0,0.01129147,0.012681887,0.005302654,0,0,0,0.004755421,0.055073953,0.08554995,0.076767403,0.092779044,0.093519031
V110,0.814030744,0.814104949,0.826490619,0.841437543,0.841555307,0.846810354,0.855637906,0.85944143,0.85446447,0.913930737,0.912044061,0.868748691,0.82994321,0.825185048,0.86391614,0.826679071,0.799462435,0.822315849,0.893025718,,,,,,,,0.07925587,0.081526066,0.071492828,0.054118426,0.05301605,0.047909655,0.038976817,0.047290518,0.053528793,0,0,0.031653689,0.068370296,0.076317968,0.085030919,0.152705216,0.171939578,0.16432728,0.095395386
V111,0.990900425,1.290647113,1.219189586,1.172309044,1.167993319,1.168161187,1.134962035,1.098306497,1.118024736,1.093436641,1.056607747,1.029804321,1.048204315,1.022076227,1.041767681,1.025390145,1.046845394,1.071921939,1.063125534,,,,,,,,0,0,0,0,0,0,0,0,0,0,0,0,0,0,0,0.021149409,0.019728794,0,0
V112,1.098773483,1.078422361,1.120712559,1.115141609,1.097935069,1.089196337,1.083682051,1.071856931,1.059051818,1.073230009,1.070865854,1.089412157,1.040129486,1.082378968,1.066476501,1.051142455,1.02567761,1.045291921,1.028635991,,,,,,,,0,0,0,0,0,0,0,0,0,0,0,0,0,0,0,0,0,0,0
V113,1.016799868,1.031031622,1.033087989,1.023241932,1.006210504,0.984738484,0.985854657,0.967710239,0.955925609,0.991716618,1.017837111,1.08616539,1.096105697,1.093221621,1.091350601,1.079304932,1.047900936,1.009348462,0.997791657,,,,,,,,0,0,0,0,0,0,0,0,0,0,0,0,0,0,0,0,0,0,0
V114,1.022424692,1.014935128,0.995162293,1.031042667,1.005680418,1.054121752,1.042860588,1.024014506,1.033800853,0.981701008,1.007730567,1.00349222,1.006273436,1.019986767,1.022311217,1.034668308,1.035775577,1.037330756,1.021028479,,,,,,,,0,0,0,0,0,0,0,0,0,0,0,0,0,0,0,0,0,0,0
V115,1.026076072,1.023996639,0.995396831,0.958890382,0.971500813,0.996726238,1.002522151,0.965113655,0.998370428,0.977398328,0.933837068,0.958889366,0.971545821,0.955527971,0.938965259,0.931872156,0.896148737,0.89908486,0.894003789,,,,,,,,0,0,0,0,0,0,0,0,0,0,0,0,0,0,0,0,0,0,0.000898283
V116,0.900280379,0.930650888,0.910371881,0.896281673,0.828708654,0.806156206,0.82433196,0.815567904,0.80467563,0.816924529,0.817313838,0.814010403,0.81063928,0.844317027,0.841846613,0.854324297,0.830897288,0.863250052,0.909954403,,,,,,,,0,0,0,0,0.065862702,0.088563803,0.070282763,0.079872574,0.090635746,0.077487849,0.078568813,0.086391977,0.087674226,0.052430569,0.052026494,0.03951004,0.063737322,0.030614033,0
V117,0.90265702,0.857426383,0.841833119,0.801683187,0.861444129,0.85445681,0.802443134,0.845784227,0.894424731,0.958154618,1.254520621,1.22882649,1.16904496,1.158955751,1.170448722,1.145474566,1.114967707,1.122901191,1.100397829,,,,,,,,0,0.038204632,0.056150328,0.093872782,0.098989929,0.128827002,0.162454352,0.129528826,0.091522391,0.013745609,0,0,0,0,0,0,0,0,0
V118,1.059271521,1.031343047,1.057519932,1.028575723,1.042571074,1.019260954,1.03187433,1.06863253,1.052968195,1.095389506,1.055643204,1.120329256,1.119036715,1.116439303,1.095358894,1.089807872,1.07921229,1.071876745,1.070176209,,,,,,,,0,0,0,0,0,0.004286056,0.025194746,0,0,0,0,0,0,0,0,0,0,0,0
V119,1.048884764,1.082222058,1.050218858,1.066117581,1.071765464,1.066588218,1.04147327,1.044755304,1.039093887,1.030047835,1.021279566,1.026403465,1.015306343,0.999184193,0.998652861,0.981209602,0.972172367,0.964761075,0.989910433,,,,,,,,0,0,0,0,0,0,0,0,0,0,0,0,0,0,0,0,0,0,0
V120,1.013959773,1.06951717,1.079362629,1.095251972,1.100152302,1.087610918,1.057492435,1.009090128,0.990284747,1.019263121,1.02023431,1.008265366,1.030875911,1.001460069,1.044404735,1.043973609,1.028386456,1.038220893,0.970090526,,,,,,,,0,0,0,0,0,0,0,0,0,0,0,0,0,0,0,0,0,0,0
V121,1.014959344,1.011830222,1.006537048,1.002132562,1.014799243,1.034253655,1.045305765,1.045444856,1.012911866,1.000340611,1.019802966,1.014806609,0.973427793,0.972015231,0.989007253,0.995728372,0.979836294,0.984406344,0.96335461,,,,,,,,0,0,0,0,0,0,0,0,0,0,0,0,0,0,0,0,0,0,0
V122,0.940146245,0.953373845,0.958439258,0.964470369,0.935338924,0.923791515,0.931545694,0.915965855,0.899210042,0.884454233,0.880658739,0.911817809,0.917332652,0.857924163,0.829197867,0.829277504,0.819283679,0.808367965,0.813729606,,,,,,,,0,0,0,0,0,0,0,0,0,0.009958145,0.015223912,0,0,0.038823432,0.06467524,0.064556833,0.075350931,0.08549612,0.081172467
V123,0.816002495,0.79237555,0.78825581,0.830297583,0.86045188,0.849514949,0.826893478,0.854629239,0.90655288,0.884516644,0.865075062,0.852777715,0.820425437,0.871730652,0.859804776,0.800260741,0.825710701,0.861505114,0.913753168,,,,,,,,0.077284119,0.103255465,0.109727637,0.065258386,0.034119476,0.04520506,0.067721246,0.040811239,0,0.019853879,0.046031501,0.047624665,0.077888069,0.063840375,0.098743571,0.15813043,0.14427484,0.117855091,0.062321372
,0.993286614,0.995631015,0.997983447,0.995555968,0.994571356,0.994720009,0.994614723,0.995440478,0.995311376,0.994412378,0.995882651,1.00040238,0.998313506,0.996747595,0.993873107,0.993834337,0.99463461,0.993864085,0.994902073,,,,,,,,,,,,,,,,,,,,,,,,,,